{"schemaVersion":"1.0","appDefinitionTemplate":{"id":"/providers/Microsoft.PowerApps/apps/","type":"Microsoft.PowerApps/apps","tags":{"primaryDeviceWidth":"1366","primaryDeviceHeight":"768","sienaVersion":"20210511T170054Z-3.21043.23.0","deviceCapabilities":"","supportsPortrait":"false","supportsLandscape":"true","primaryFormFactor":"Tablet","publisherVersion":"3.21043.23","minimumRequiredApiVersion":"2.2.0","hasComponent":"true","hasUnlockedComponent":"true","isUnifiedRootApp":"false"},"properties":{"appVersion":"2021-05-11T17:00:54Z","lifeCycleId":"Published","createdByClientVersion":{"major":3,"minor":21043,"build":23,"revision":0,"majorRevision":0,"minorRevision":0},"minClientVersion":{"major":3,"minor":21043,"build":23,"revision":0,"majorRevision":0,"minorRevision":0},"backgroundColor":"rgba(0, 176, 240, 1)","backgroundImageUri":"/15449670054663312534/N333786a5-96c5-4515-9c2e-fcb9f9077b5a-logoSmallFile","displayName":"Navigation","description":"","commitMessage":"","appUris":{"documentUri":{"value":"/15449670054663312534/N3543a076-9fc0-433f-9d63-938b85583ead-document.msapp"},"imageUris":[]},"createdTime":"0001-01-01T00:00:00Z","lastModifiedTime":"0001-01-01T00:00:00Z","sharedGroupsCount":0,"sharedUsersCount":0,"icons":{"smallIconUri":"/15449670054663312534/N83ac5378-8718-43d3-a555-796f40f207dd-small.png","mediumIconUri":"/15449670054663312534/Nf8279ea7-cc32-4fe6-b0bf-4bfc47fd4d45-medium.png","largeIconUri":"/15449670054663312534/N143fd309-18ba-4b94-b66d-8871ad908a2c-large.png","wideIconUri":"/15449670054663312534/Na2229111-678b-4ff2-a934-f3e0358eb37e-wide.png"},"connectionReferences":{},"databaseReferences":{},"almMode":"Environment","performanceOptimizationEnabled":true,"canConsumeAppPass":true,"executionRestrictions":{"isTeamsOnly":false,"dataLossPreventionEvaluationResult":{"status":"Compliant","lastEvaluationDate":"2021-02-18T21:45:13.2704928Z","violationDetails":[]}}},"isAppComponentLibrary":false,"appType":"ClassicCanvasApp","appComponents":[]}}